pdb,phi site,psi site,phi,psi
1d9u.pdb,D NDG 5 C2 C1 NDG 4 O4 C4,D NDG 5 C1 NDG 4 O4 C4 C5,185.247,156.76
1zu8.pdb,B NDG 3 C2 C1 NDG 2 O4 C4,B NDG 3 C1 NDG 2 O4 C4 C5,200.586,77.1334
3iyw.pdb,E NDG 2 C2 C1 NDG 1 O4 C4,E NDG 2 C1 NDG 1 O4 C4 C5,301.1745,256.765
3iyw.pdb,F NDG 2 C2 C1 NDG 1 O4 C4,F NDG 2 C1 NDG 1 O4 C4 C5,301.06759999999997,256.866
3iyw.pdb,D NDG 2 C2 C1 NDG 1 O4 C4,D NDG 2 C1 NDG 1 O4 C4 C5,301.1248,256.81399999999996
