pdb,phi site,psi site,phi,psi
3fru.pdb,H NDG 5 C2 C1 MAN 4 O2 C2,H NDG 5 C1 MAN 4 O2 C2 C3,206.92,71.7718
3agv.pdb,C NDG 3 C2 C1 MAN 2 O2 C2,C NDG 3 C1 MAN 2 O2 C2 C3,213.91,65.5386
6p3r.pdb,G NDG 5 C2 C1 MAN 4 O2 C2,G NDG 5 C1 MAN 4 O2 C2 C3,146.247,128.013
3es6.pdb,C NDG 5 C2 C1 MAN 4 O2 C2,C NDG 5 C1 MAN 4 O2 C2 C3,214.208,1.73999
1i1a.pdb,F NDG 5 C2 C1 MAN 4 O2 C2,F NDG 5 C1 MAN 4 O2 C2 C3,56.0123,114.055
6p3s.pdb,Y NDG 5 C2 C1 MAN 4 O2 C2,Y NDG 5 C1 MAN 4 O2 C2 C3,219.463,349.7352
6p3s.pdb,a NDG 4 C2 C1 MAN 3 O2 C2,a NDG 4 C1 MAN 3 O2 C2 C3,201.808,90.5411
6p3s.pdb,f NDG 5 C2 C1 MAN 4 O2 C2,f NDG 5 C1 MAN 4 O2 C2 C3,206.298,60.9368
5y56.pdb,D NDG 5 C2 C1 MAN 4 O2 C2,D NDG 5 C1 MAN 4 O2 C2 C3,142.287,95.4409
5y56.pdb,C NDG 5 C2 C1 MAN 4 O2 C2,C NDG 5 C1 MAN 4 O2 C2 C3,131.478,106.762
1oqo.pdb,F NDG 5 C2 C1 MAN 4 O2 C2,F NDG 5 C1 MAN 4 O2 C2 C3,237.189,330.4122
1t83.pdb,D NDG 5 C2 C1 MAN 4 O2 C2,D NDG 5 C1 MAN 4 O2 C2 C3,244.86,358.81245
1t89.pdb,D NDG 5 C2 C1 MAN 4 O2 C2,D NDG 5 C1 MAN 4 O2 C2 C3,194.768,18.5779
