pdb,phi site,psi site,phi,psi
1qkc.pdb,B GLC 7 C2 C1 GLC 6 O2 C2,B GLC 7 C1 GLC 6 O2 C2 C3,247.691,339.5208
1qkc.pdb,B GLC 8 C2 C1 GLC 7 O2 C2,B GLC 8 C1 GLC 7 O2 C2 C3,43.9258,228.199
6wlw.pdb,r GLC 9 C2 C1 GLC 8 O2 C2,r GLC 9 C1 GLC 8 O2 C2 C3,201.571,226.268
6wlw.pdb,r GLC 8 C2 C1 GLC 7 O2 C2,r GLC 8 C1 GLC 7 O2 C2 C3,260.9106,343.0812
6wm2.pdb,r GLC 9 C2 C1 GLC 8 O2 C2,r GLC 9 C1 GLC 8 O2 C2 C3,201.007,228.135
6wm2.pdb,r GLC 8 C2 C1 GLC 7 O2 C2,r GLC 8 C1 GLC 7 O2 C2 C3,262.9275,342.3376
3v0w.pdb,A GLC 5 C2 C1 GLC 4 O2 C2,A GLC 5 C1 GLC 4 O2 C2 C3,164.697,305.1963
3v0w.pdb,A GLC 6 C2 C1 GLC 5 O2 C2,A GLC 6 C1 GLC 5 O2 C2 C3,177.387,201.441
7wjf.pdb,B GLC 2 C2 C1 GLC 1 O2 C2,B GLC 2 C1 GLC 1 O2 C2 C3,177.667,206.515
8agc.pdb,L GLC 9 C2 C1 GLC 8 O2 C2,L GLC 9 C1 GLC 8 O2 C2 C3,201.612,191.095
8agc.pdb,L GLC 8 C2 C1 GLC 7 O2 C2,L GLC 8 C1 GLC 7 O2 C2 C3,253.72899999999998,343.5933
1fi1.pdb,B GLC 7 C2 C1 GLC 6 O2 C2,B GLC 7 C1 GLC 6 O2 C2 C3,249.47199999999998,339.1513
1fi1.pdb,B GLC 8 C2 C1 GLC 7 O2 C2,B GLC 8 C1 GLC 7 O2 C2 C3,289.3569,231.92
7khr.pdb,t GLC 9 C2 C1 GLC 8 O2 C2,t GLC 9 C1 GLC 8 O2 C2 C3,201.001,228.17
7khr.pdb,t GLC 8 C2 C1 GLC 7 O2 C2,t GLC 8 C1 GLC 7 O2 C2 C3,262.9595,342.3405
